rank,sample_id,total_pixels,class_0,class_1,class_2,class_3,class_4,class_5,class_6,class_7,class_8,class_9,class_10
1,0004786,65536,65536,0,0,0,0,0,0,0,0,0,0
2,0076199,65536,0,65536,0,0,0,0,0,0,0,0,0
3,0038052,65536,0,0,0,65536,0,0,0,0,0,0,0
4,0045191,65536,0,0,65536,0,0,0,0,0,0,0,0
5,0000000,65536,0,0,0,0,0,0,0,65536,0,0,0
6,0113785,65536,0,0,0,0,0,65536,0,0,0,0,0
7,0136990,65536,1353,0,0,0,0,27108,36613,4,0,0,458
8,0153691,65536,8,0,8,4,65496,20,0,0,0,0,0
9,0142281,65536,0,0,0,0,0,0,0,0,0,65536,0
10,0141670,65536,0,0,0,0,0,0,0,0,65536,0,0
11,0021601,65536,65536,0,0,0,0,0,0,0,0,0,0
12,0045192,65536,0,0,65536,0,0,0,0,0,0,0,0
13,0038070,65536,0,0,0,65536,0,0,0,0,0,0,0
14,0037620,65536,65536,0,0,0,0,0,0,0,0,0,0
15,0045210,65536,0,0,65536,0,0,0,0,0,0,0,0
16,0079003,65536,0,65536,0,0,0,0,0,0,0,0,0
17,0000001,65536,0,0,0,0,0,0,0,65536,0,0,0
18,0041240,65536,65536,0,0,0,0,0,0,0,0,0,0
19,0038578,65536,0,0,0,65536,0,0,0,0,0,0,0
20,0045211,65536,0,0,65536,0,0,0,0,0,0,0,0
21,0041243,65536,65536,0,0,0,0,0,0,0,0,0,0
22,0038580,65536,0,0,0,65536,0,0,0,0,0,0,0
23,0041259,65536,65536,0,0,0,0,0,0,0,0,0,0
24,0045229,65536,0,0,65536,0,0,0,0,0,0,0,0
25,0079021,65536,0,65536,0,0,0,0,0,0,0,0,0
26,0000002,65536,0,0,0,0,0,0,0,65536,0,0,0
27,0159083,65536,46,0,0,0,65490,0,0,0,0,0,0
28,0041445,65536,65536,0,0,0,0,0,0,0,0,0,0
29,0038594,65536,0,0,0,65536,0,0,0,0,0,0,0
30,0045230,65536,0,0,65536,0,0,0,0,0,0,0,0
31,0041463,65536,65536,0,0,0,0,0,0,0,0,0,0
32,0045247,65536,0,0,65536,0,0,0,0,0,0,0,0
33,0079059,65536,0,65536,0,0,0,0,0,0,0,0,0
34,0038595,65536,0,0,0,65536,0,0,0,0,0,0,0
35,0041464,65536,65536,0,0,0,0,0,0,0,0,0,0
36,0000003,65536,0,0,0,0,0,0,0,65536,0,0,0
37,0045248,65536,0,0,65536,0,0,0,0,0,0,0,0
38,0041465,65536,65536,0,0,0,0,0,0,0,0,0,0
39,0080619,65536,0,0,0,65536,0,0,0,0,0,0,0
40,0041483,65536,65536,0,0,0,0,0,0,0,0,0,0
41,0045249,65536,0,0,65536,0,0,0,0,0,0,0,0
42,0081033,65536,0,65536,0,0,0,0,0,0,0,0,0
43,0090385,65536,0,0,0,65536,0,0,0,0,0,0,0
44,0041545,65536,65536,0,0,0,0,0,0,0,0,0,0
45,0000004,65536,0,0,0,0,0,0,0,65536,0,0,0
46,0045251,65536,0,0,65536,0,0,0,0,0,0,0,0
47,0053982,65536,20,0,0,0,65475,41,0,0,0,0,0
48,0041603,65536,65536,0,0,0,0,0,0,0,0,0,0
49,0106131,65536,0,0,0,65536,0,0,0,0,0,0,0
50,0045267,65536,0,0,65536,0,0,0,0,0,0,0,0
51,0081080,65536,0,65536,0,0,0,0,0,0,0,0,0
52,0041604,65536,65536,0,0,0,0,0,0,0,0,0,0
53,0000005,65536,0,0,0,0,0,0,0,65536,0,0,0
54,0119206,65536,0,0,0,65536,0,0,0,0,0,0,0
55,0045268,65536,0,0,65536,0,0,0,0,0,0,0,0
56,0045182,65536,65536,0,0,0,0,0,0,0,0,0,0
57,0045239,65536,65536,0,0,0,0,0,0,0,0,0,0
58,0045286,65536,0,0,65536,0,0,0,0,0,0,0,0
59,0093916,65536,0,65536,0,0,0,0,0,0,0,0,0
60,0038072,65536,0,0,4,65532,0,0,0,0,0,0,0
61,0045258,65536,65536,0,0,0,0,0,0,0,0,0,0
62,0045325,65536,0,0,65536,0,0,0,0,0,0,0,0
63,0000006,65536,0,0,0,0,0,0,0,65536,0,0,0
64,0090864,65536,0,4,0,65532,0,0,0,0,0,0,0
65,0045335,65536,65536,0,0,0,0,0,0,0,0,0,0
66,0053962,65536,31,0,52,0,65443,10,0,0,0,0,0
67,0045326,65536,0,0,65536,0,0,0,0,0,0,0,0
68,0081222,65536,4,65532,0,0,0,0,0,0,0,0,0
69,0045374,65536,65536,0,0,0,0,0,0,0,0,0,0
70,0106165,65536,4,0,0,65532,0,0,0,0,0,0,0
71,0045392,65536,65536,0,0,0,0,0,0,0,0,0,0
72,0045364,65536,0,0,65536,0,0,0,0,0,0,0,0
73,0000014,65536,0,0,0,0,0,0,0,65536,0,0,0
74,0045410,65536,65536,0,0,0,0,0,0,0,0,0,0
75,0038014,65536,0,0,5,65531,0,0,0,0,0,0,0
76,0045386,65536,0,0,65536,0,0,0,0,0,0,0,0
77,0110926,65536,4,65532,0,0,0,0,0,0,0,0,0
78,0045413,65536,65536,0,0,0,0,0,0,0,0,0,0
79,0106129,65536,0,0,0,65528,8,0,0,0,0,0,0
80,0045459,65536,0,0,65536,0,0,0,0,0,0,0,0
81,0045414,65536,65536,0,0,0,0,0,0,0,0,0,0
82,0000015,65536,0,0,0,0,0,0,0,65536,0,0,0
83,0045475,65536,0,0,65536,0,0,0,0,0,0,0,0
84,0045429,65536,65536,0,0,0,0,0,0,0,0,0,0
85,0081034,65536,6,65530,0,0,0,0,0,0,0,0,0
86,0094854,65536,0,8,4,65524,0,0,0,0,0,0,0
87,0159139,65536,26,0,9,0,65440,61,0,0,0,0,0
88,0045430,65536,65536,0,0,0,0,0,0,0,0,0,0
89,0045476,65536,0,0,65536,0,0,0,0,0,0,0,0
90,0106127,65536,0,0,0,65524,12,0,0,0,0,0,0
91,0000016,65536,0,0,0,0,0,0,0,65536,0,0,0
92,0045431,65536,65536,0,0,0,0,0,0,0,0,0,0
93,0045493,65536,0,0,65536,0,0,0,0,0,0,0,0
94,0079041,65536,12,65524,0,0,0,0,0,0,0,0,0
95,0141687,65536,0,0,0,0,0,0,0,0,65536,0,0
96,0113794,65536,0,0,0,0,0,65536,0,0,0,0,0
97,0045432,65536,65536,0,0,0,0,0,0,0,0,0,0
98,0038053,65536,0,0,24,65512,0,0,0,0,0,0,0
99,0045495,65536,0,0,65536,0,0,0,0,0,0,0,0
100,0045449,65536,65536,0,0,0,0,0,0,0,0,0,0
101,0000017,65536,0,0,0,0,0,0,0,65536,0,0,0
102,0106169,65536,24,0,0,65512,0,0,0,0,0,0,0
103,0045512,65536,0,0,65536,0,0,0,0,0,0,0,0
104,0045450,65536,65536,0,0,0,0,0,0,0,0,0,0
105,0078930,65536,16,65520,0,0,0,0,0,0,0,0,0
106,0045467,65536,65536,0,0,0,0,0,0,0,0,0,0
107,0045514,65536,0,0,65536,0,0,0,0,0,0,0,0
108,0106095,65536,26,0,0,65510,0,0,0,0,0,0,0
109,0053983,65536,0,0,32,0,65424,80,0,0,0,0,0
110,0045525,65536,65536,0,0,0,0,0,0,0,0,0,0
111,0000018,65536,0,0,0,0,0,0,0,65536,0,0,0
112,0045534,65536,0,0,65536,0,0,0,0,0,0,0,0
113,0079042,65536,18,65518,0,0,0,0,0,0,0,0,0
114,0038675,65536,0,0,28,65508,0,0,0,0,0,0,0
115,0049016,65536,65536,0,0,0,0,0,0,0,0,0,0
116,0045994,65536,0,0,65536,0,0,0,0,0,0,0,0
117,0054473,65536,65536,0,0,0,0,0,0,0,0,0,0
118,0125315,65536,27,0,0,65503,6,0,0,0,0,0,0
119,0055714,65536,65536,0,0,0,0,0,0,0,0,0,0
120,0045995,65536,0,0,65536,0,0,0,0,0,0,0,0
121,0000019,65536,0,0,0,0,0,0,0,65536,0,0,0
122,0078850,65536,22,65514,0,0,0,0,0,0,0,0,0
123,0038054,65536,0,0,38,65498,0,0,0,0,0,0,0
124,0056848,65536,65536,0,0,0,0,0,0,0,0,0,0
125,0046265,65536,0,0,65536,0,0,0,0,0,0,0,0
126,0056849,65536,65536,0,0,0,0,0,0,0,0,0,0
127,0053944,65536,106,0,8,4,65418,0,0,0,0,0,0
128,0038656,65536,0,0,8,65498,30,0,0,0,0,0,0
129,0046266,65536,0,0,65536,0,0,0,0,0,0,0,0
130,0081039,65536,8,65513,15,0,0,0,0,0,0,0,0
131,0000028,65536,0,0,0,0,0,0,0,65536,0,0,0
132,0056867,65536,65536,0,0,0,0,0,0,0,0,0,0
133,0046268,65536,0,0,65536,0,0,0,0,0,0,0,0
134,0106167,65536,18,0,0,65498,20,0,0,0,0,0,0
135,0056868,65536,65536,0,0,0,0,0,0,0,0,0,0
136,0056869,65536,65536,0,0,0,0,0,0,0,0,0,0
137,0046272,65536,0,0,65536,0,0,0,0,0,0,0,0
138,0078834,65536,24,65512,0,0,0,0,0,0,0,0,0
139,0038613,65536,0,0,28,65494,14,0,0,0,0,0,0
140,0000029,65536,0,0,0,0,0,0,0,65536,0,0,0
141,0056870,65536,65536,0,0,0,0,0,0,0,0,0,0
142,0046285,65536,0,0,65536,0,0,0,0,0,0,0,0
143,0056906,65536,65536,0,0,0,0,0,0,0,0,0,0
144,0094850,65536,0,0,46,65490,0,0,0,0,0,0,0
145,0046294,65536,0,0,65536,0,0,0,0,0,0,0,0
146,0056943,65536,65536,0,0,0,0,0,0,0,0,0,0
147,0079061,65536,26,65510,0,0,0,0,0,0,0,0,0
148,0035597,65536,16,0,50,78,65392,0,0,0,0,0,0
149,0000030,65536,0,0,0,0,0,0,0,65536,0,0,0
150,0106074,65536,0,0,46,65490,0,0,0,0,0,0,0
151,0046303,65536,0,0,65536,0,0,0,0,0,0,0,0
152,0057155,65536,65536,0,0,0,0,0,0,0,0,0,0
153,0058178,65536,65536,0,0,0,0,0,0,0,0,0,0
154,0106188,65536,16,0,0,65490,0,0,0,30,0,0,0
155,0046312,65536,0,0,65536,0,0,0,0,0,0,0,0
156,0081015,65536,32,65504,0,0,0,0,0,0,0,0,0
157,0058179,65536,65536,0,0,0,0,0,0,0,0,0,0
158,0000031,65536,0,0,0,0,0,0,0,65536,0,0,0
159,0113799,65536,0,0,0,0,0,65536,0,0,0,0,0
160,0046315,65536,0,0,65536,0,0,0,0,0,0,0,0
161,0125236,65536,44,0,0,65489,0,3,0,0,0,0,0
162,0058180,65536,65536,0,0,0,0,0,0,0,0,0,0
163,0046322,65536,0,0,65536,0,0,0,0,0,0,0,0
164,0058181,65536,65536,0,0,0,0,0,0,0,0,0,0
165,0081204,65536,6,65502,28,0,0,0,0,0,0,0,0
166,0093719,65536,0,20,32,65484,0,0,0,0,0,0,0
167,0058197,65536,65536,0,0,0,0,0,0,0,0,0,0
168,0000032,65536,0,0,0,0,0,0,0,65536,0,0,0
169,0046324,65536,0,0,65536,0,0,0,0,0,0,0,0
170,0116354,65536,152,0,28,0,65356,0,0,0,0,0,0
171,0087373,65536,0,55,0,65481,0,0,0,0,0,0,0
172,0058198,65536,65536,0,0,0,0,0,0,0,0,0,0
173,0046325,65536,0,0,65536,0,0,0,0,0,0,0,0
174,0075992,65536,24,65500,8,4,0,0,0,0,0,0,0
175,0058199,65536,65536,0,0,0,0,0,0,0,0,0,0
176,0090366,65536,0,39,16,65481,0,0,0,0,0,0,0
177,0046330,65536,0,0,65536,0,0,0,0,0,0,0,0
178,0000033,65536,0,0,0,0,0,0,0,65536,0,0,0
179,0058216,65536,65536,0,0,0,0,0,0,0,0,0,0
180,0046342,65536,0,0,65536,0,0,0,0,0,0,0,0
181,0105593,65536,0,0,10,65480,46,0,0,0,0,0,0
182,0058217,65536,65536,0,0,0,0,0,0,0,0,0,0
183,0038874,65536,47,65489,0,0,0,0,0,0,0,0,0
184,0141688,65536,0,0,0,0,0,0,0,0,65536,0,0
185,0058218,65536,65536,0,0,0,0,0,0,0,0,0,0
186,0046345,65536,0,0,65536,0,0,0,0,0,0,0,0
187,0038593,65536,0,0,62,65474,0,0,0,0,0,0,0
188,0000042,65536,0,0,0,0,0,0,0,65536,0,0,0
189,0058235,65536,65536,0,0,0,0,0,0,0,0,0,0
190,0053964,65536,70,0,98,0,65318,50,0,0,0,0,0
191,0046360,65536,0,0,65536,0,0,0,0,0,0,0,0
192,0075989,65536,20,65486,16,0,0,14,0,0,0,0,0
193,0038030,65536,0,0,53,65471,12,0,0,0,0,0,0
194,0058236,65536,65536,0,0,0,0,0,0,0,0,0,0
195,0046379,65536,0,0,65536,0,0,0,0,0,0,0,0
196,0058237,65536,65536,0,0,0,0,0,0,0,0,0,0
197,0000043,65536,0,0,0,0,0,0,0,65536,0,0,0
198,0125244,65536,0,0,4,65468,56,8,0,0,0,0,0
199,0147018,65536,0,0,0,0,0,0,0,0,0,65536,0
200,0046392,65536,0,0,65536,0,0,0,0,0,0,0,0
201,0058255,65536,65536,0,0,0,0,0,0,0,0,0,0
202,0079022,65536,58,65478,0,0,0,0,0,0,0,0,0
203,0058571,65536,65536,0,0,0,0,0,0,0,0,0,0
204,0106149,65536,70,0,0,65466,0,0,0,0,0,0,0
205,0046398,65536,0,0,65536,0,0,0,0,0,0,0,0
206,0058610,65536,65536,0,0,0,0,0,0,0,0,0,0
207,0000044,65536,0,0,0,0,0,0,0,65536,0,0,0
208,0046417,65536,0,0,65536,0,0,0,0,0,0,0,0
209,0106073,65536,48,0,24,65464,0,0,0,0,0,0,0
210,0093915,65536,0,65476,0,0,0,60,0,0,0,0,0
211,0058611,65536,65536,0,0,0,0,0,0,0,0,0,0
212,0159325,65536,131,0,29,0,65306,70,0,0,0,0,0
213,0046431,65536,0,0,65536,0,0,0,0,0,0,0,0
214,0058629,65536,65536,0,0,0,0,0,0,0,0,0,0
215,0106130,65536,12,0,0,65464,0,0,0,60,0,0,0
216,0000045,65536,0,0,0,0,0,0,0,65536,0,0,0
217,0058634,65536,65536,0,0,0,0,0,0,0,0,0,0
218,0046432,65536,0,0,65536,0,0,0,0,0,0,0,0
219,0081046,65536,62,65474,0,0,0,0,0,0,0,0,0
220,0090405,65536,0,61,14,65461,0,0,0,0,0,0,0
221,0058635,65536,65536,0,0,0,0,0,0,0,0,0,0
222,0046451,65536,0,0,65536,0,0,0,0,0,0,0,0
223,0113800,65536,0,0,0,0,0,65536,0,0,0,0,0
224,0058647,65536,65536,0,0,0,0,0,0,0,0,0,0
225,0089640,65536,0,6,0,65453,77,0,0,0,0,0,0
226,0046471,65536,0,0,65536,0,0,0,0,0,0,0,0
227,0000046,65536,0,0,0,0,0,0,0,65536,0,0,0
228,0058649,65536,65536,0,0,0,0,0,0,0,0,0,0
229,0081014,65536,50,65470,16,0,0,0,0,0,0,0,0
230,0081740,65536,87,0,0,65449,0,0,0,0,0,0,0
231,0046472,65536,0,0,65536,0,0,0,0,0,0,0,0
232,0159078,65536,151,0,0,0,65209,176,0,0,0,0,0
233,0058653,65536,65536,0,0,0,0,0,0,0,0,0,0
234,0058654,65536,65536,0,0,0,0,0,0,0,0,0,0
235,0046473,65536,0,0,65536,0,0,0,0,0,0,0,0
236,0093656,65536,0,0,88,65448,0,0,0,0,0,0,0
237,0000056,65536,0,0,0,0,0,0,0,65536,0,0,0
238,0162550,65536,0,65463,0,0,0,73,0,0,0,0,0
239,0058668,65536,65536,0,0,0,0,0,0,0,0,0,0
240,0046474,65536,0,0,65536,0,0,0,0,0,0,0,0
241,0038590,65536,0,0,44,65447,0,45,0,0,0,0,0
242,0058670,65536,65536,0,0,0,0,0,0,0,0,0,0
243,0046475,65536,0,0,65536,0,0,0,0,0,0,0,0
244,0058672,65536,65536,0,0,0,0,0,0,0,0,0,0
245,0000057,65536,0,0,0,0,0,0,0,65536,0,0,0
246,0162568,65536,79,65457,0,0,0,0,0,0,0,0,0
247,0106151,65536,93,0,0,65443,0,0,0,0,0,0,0
248,0046476,65536,0,0,65536,0,0,0,0,0,0,0,0
249,0058686,65536,65536,0,0,0,0,0,0,0,0,0,0
250,0159306,65536,162,16,19,0,65181,158,0,0,0,0,0
251,0090626,65536,0,30,66,65432,8,0,0,0,0,0,0
252,0058687,65536,65536,0,0,0,0,0,0,0,0,0,0
253,0046489,65536,0,0,65536,0,0,0,0,0,0,0,0
254,0078964,65536,82,65454,0,0,0,0,0,0,0,0,0
255,0000058,65536,0,0,0,0,0,0,0,65536,0,0,0
256,0058691,65536,65536,0,0,0,0,0,0,0,0,0,0
257,0105792,65536,0,0,106,65430,0,0,0,0,0,0,0
258,0046490,65536,0,0,65536,0,0,0,0,0,0,0,0
259,0058710,65536,65536,0,0,0,0,0,0,0,0,0,0
260,0046491,65536,0,0,65536,0,0,0,0,0,0,0,0
261,0038612,65536,0,0,101,65429,6,0,0,0,0,0,0
262,0058729,65536,65536,0,0,0,0,0,0,0,0,0,0
263,0081155,65536,82,65454,0,0,0,0,0,0,0,0,0
264,0000059,65536,0,0,0,0,0,0,0,65536,0,0,0
265,0058748,65536,65536,0,0,0,0,0,0,0,0,0,0
266,0046492,65536,0,0,65536,0,0,0,0,0,0,0,0
267,0094831,65536,0,0,112,65424,0,0,0,0,0,0,0
268,0058749,65536,65536,0,0,0,0,0,0,0,0,0,0
269,0046493,65536,0,0,65536,0,0,0,0,0,0,0,0
270,0173621,65536,316,0,4,0,65174,42,0,0,0,0,0
271,0093805,65536,16,65454,48,18,0,0,0,0,0,0,0
272,0058767,65536,65536,0,0,0,0,0,0,0,0,0,0
273,0038672,65536,0,0,112,65416,0,8,0,0,0,0,0
274,0141707,65536,0,0,0,0,0,0,0,0,65536,0,0
275,0000060,65536,0,0,0,0,0,0,0,65536,0,0,0
276,0046509,65536,0,0,65536,0,0,0,0,0,0,0,0
277,0058843,65536,65536,0,0,0,0,0,0,0,0,0,0
278,0087200,65536,0,77,18,65407,34,0,0,0,0,0,0
279,0046512,65536,0,0,65536,0,0,0,0,0,0,0,0
280,0058848,65536,65536,0,0,0,0,0,0,0,0,0,0
281,0079040,65536,68,65434,34,0,0,0,0,0,0,0,0
282,0058862,65536,65536,0,0,0,0,0,0,0,0,0,0
283,0046513,65536,0,0,65536,0,0,0,0,0,0,0,0
284,0038031,65536,0,0,130,65406,0,0,0,0,0,0,0
285,0000070,65536,0,0,0,0,0,0,0,65536,0,0,0
286,0058863,65536,65536,0,0,0,0,0,0,0,0,0,0
287,0113805,65536,0,0,0,0,0,65536,0,0,0,0,0
288,0046531,65536,0,0,65536,0,0,0,0,0,0,0,0
289,0106148,65536,72,0,0,65404,60,0,0,0,0,0,0
290,0058864,65536,65536,0,0,0,0,0,0,0,0,0,0
291,0079063,65536,0,65427,109,0,0,0,0,0,0,0,0
292,0053961,65536,276,0,92,6,65162,0,0,0,0,0,0
293,0046553,65536,0,0,65536,0,0,0,0,0,0,0,0
294,0000071,65536,0,0,0,0,0,0,0,65536,0,0,0
295,0058866,65536,65536,0,0,0,0,0,0,0,0,0,0
296,0106166,65536,61,23,0,65404,48,0,0,0,0,0,0
297,0046566,65536,0,0,65536,0,0,0,0,0,0,0,0
298,0058867,65536,65536,0,0,0,0,0,0,0,0,0,0
299,0171862,65536,107,65425,4,0,0,0,0,0,0,0,0
300,0106072,65536,98,0,0,65402,32,0,0,4,0,0,0
301,0058881,65536,65536,0,0,0,0,0,0,0,0,0,0
302,0046571,65536,0,0,65536,0,0,0,0,0,0,0,0
303,0000072,65536,0,0,0,0,0,0,0,65536,0,0,0
304,0058882,65536,65536,0,0,0,0,0,0,0,0,0,0
305,0038676,65536,0,0,135,65401,0,0,0,0,0,0,0
306,0046590,65536,0,0,65536,0,0,0,0,0,0,0,0
307,0058883,65536,65536,0,0,0,0,0,0,0,0,0,0
308,0076200,65536,18,65424,78,0,0,16,0,0,0,0,0
309,0047233,65536,0,0,65536,0,0,0,0,0,0,0,0
310,0127225,65536,0,0,92,65398,0,0,0,46,0,0,0
311,0058886,65536,65536,0,0,0,0,0,0,0,0,0,0
312,0053963,65536,83,0,241,0,65158,54,0,0,0,0,0
313,0000073,65536,0,0,0,0,0,0,0,65536,0,0,0
314,0062154,65536,65536,0,0,0,0,0,0,0,0,0,0
315,0047250,65536,0,0,65536,0,0,0,0,0,0,0,0
316,0125300,65536,6,4,47,65397,12,70,0,0,0,0,0
317,0078869,65536,118,65418,0,0,0,0,0,0,0,0,0
318,0062156,65536,65536,0,0,0,0,0,0,0,0,0,0
319,0047251,65536,0,0,65536,0,0,0,0,0,0,0,0
320,0080640,65536,0,0,141,65395,0,0,0,0,0,0,0
321,0062157,65536,65536,0,0,0,0,0,0,0,0,0,0
322,0000074,65536,0,0,0,0,0,0,0,65536,0,0,0
323,0047252,65536,0,0,65536,0,0,0,0,0,0,0,0
324,0062158,65536,65536,0,0,0,0,0,0,0,0,0,0
325,0162587,65536,19,65417,46,0,0,54,0,0,0,0,0
326,0038327,65536,0,4,140,65392,0,0,0,0,0,0,0
327,0047269,65536,0,0,65536,0,0,0,0,0,0,0,0
328,0062159,65536,65536,0,0,0,0,0,0,0,0,0,0
329,0106150,65536,146,0,0,65390,0,0,0,0,0,0,0
330,0062160,65536,65536,0,0,0,0,0,0,0,0,0,0
331,0000084,65536,0,0,0,0,0,0,0,65536,0,0,0
332,0047270,65536,0,0,65536,0,0,0,0,0,0,0,0
333,0141275,65536,339,4,10,0,65113,70,0,0,0,0,0
334,0081047,65536,116,65416,4,0,0,0,0,0,0,0,0
335,0062161,65536,65536,0,0,0,0,0,0,0,0,0,0
336,0047288,65536,0,0,65536,0,0,0,0,0,0,0,0
337,0105735,65536,0,0,153,65383,0,0,0,0,0,0,0
338,0062162,65536,65536,0,0,0,0,0,0,0,0,0,0
339,0047289,65536,0,0,65536,0,0,0,0,0,0,0,0
340,0000085,65536,0,0,0,0,0,0,0,65536,0,0,0
341,0062173,65536,65536,0,0,0,0,0,0,0,0,0,0
342,0081681,65536,156,0,0,65380,0,0,0,0,0,0,0
343,0093842,65536,66,65409,61,0,0,0,0,0,0,0,0
344,0047290,65536,0,0,65536,0,0,0,0,0,0,0,0
345,0062174,65536,65536,0,0,0,0,0,0,0,0,0,0
346,0093566,65536,0,153,4,65379,0,0,0,0,0,0,0
347,0062175,65536,65536,0,0,0,0,0,0,0,0,0,0
348,0047307,65536,0,0,65536,0,0,0,0,0,0,0,0
349,0113809,65536,0,0,0,0,0,65536,0,0,0,0,0
350,0000086,65536,0,0,0,0,0,0,0,65536,0,0,0
351,0085271,65536,8,65408,120,0,0,0,0,0,0,0,0
352,0062176,65536,65536,0,0,0,0,0,0,0,0,0,0
353,0038033,65536,0,0,160,65376,0,0,0,0,0,0,0
354,0173868,65536,445,0,0,0,65091,0,0,0,0,0,0
355,0047308,65536,0,0,65536,0,0,0,0,0,0,0,0
356,0062177,65536,65536,0,0,0,0,0,0,0,0,0,0
357,0093678,65536,0,110,50,65376,0,0,0,0,0,0,0
358,0047309,65536,0,0,65536,0,0,0,0,0,0,0,0
359,0062178,65536,65536,0,0,0,0,0,0,0,0,0,0
360,0000087,65536,0,0,0,0,0,0,0,65536,0,0,0
361,0078926,65536,60,65400,32,0,0,44,0,0,0,0,0
362,0141708,65536,0,0,0,0,0,0,0,0,65536,0,0
363,0062179,65536,65536,0,0,0,0,0,0,0,0,0,0
364,0047326,65536,0,0,65536,0,0,0,0,0,0,0,0
365,0087409,65536,0,0,166,65370,0,0,0,0,0,0,0
366,0062181,65536,65536,0,0,0,0,0,0,0,0,0,0
367,0047327,65536,0,0,65536,0,0,0,0,0,0,0,0
368,0038016,65536,0,0,181,65355,0,0,0,0,0,0,0
369,0062193,65536,65536,0,0,0,0,0,0,0,0,0,0
370,0080996,65536,68,65400,68,0,0,0,0,0,0,0,0
371,0000098,65536,0,0,0,0,0,0,0,65536,0,0,0
372,0047344,65536,0,0,65536,0,0,0,0,0,0,0,0
373,0062194,65536,65536,0,0,0,0,0,0,0,0,0,0
374,0159077,65536,447,0,0,0,65089,0,0,0,0,0,0
375,0180993,65536,52,68,32,65352,32,0,0,0,0,0,0
376,0047345,65536,0,0,65536,0,0,0,0,0,0,0,0
377,0062195,65536,65536,0,0,0,0,0,0,0,0,0,0
378,0080283,65536,106,65388,42,0,0,0,0,0,0,0,0
379,0081721,65536,189,0,0,65347,0,0,0,0,0,0,0
380,0000099,65536,0,0,0,0,0,0,0,65536,0,0,0
381,0062196,65536,65536,0,0,0,0,0,0,0,0,0,0
382,0047346,65536,0,0,65536,0,0,0,0,0,0,0,0
383,0062197,65536,65536,0,0,0,0,0,0,0,0,0,0
384,0180467,65536,130,40,20,65346,0,0,0,0,0,0,0
385,0067151,65536,0,0,65536,0,0,0,0,0,0,0,0
386,0062198,65536,65536,0,0,0,0,0,0,0,0,0,0
387,0080995,65536,24,65388,124,0,0,0,0,0,0,0,0
388,0000100,65536,0,0,0,0,0,0,0,65536,0,0,0
389,0067155,65536,0,0,65536,0,0,0,0,0,0,0,0
390,0038259,65536,0,0,193,65343,0,0,0,0,0,0,0
391,0062199,65536,65536,0,0,0,0,0,0,0,0,0,0
392,0147077,65536,0,0,0,0,0,0,0,36,0,65500,0
393,0068659,65536,0,0,65536,0,0,0,0,0,0,0,0
394,0159135,65536,250,0,94,0,65079,113,0,0,0,0,0
395,0062212,65536,65536,0,0,0,0,0,0,0,0,0,0
396,0094833,65536,0,8,186,65342,0,0,0,0,0,0,0
397,0076198,65536,0,65386,150,0,0,0,0,0,0,0,0
398,0062213,65536,65536,0,0,0,0,0,0,0,0,0,0
399,0068660,65536,0,0,65536,0,0,0,0,0,0,0,0
400,0000101,65536,0,0,0,0,0,0,0,65536,0,0,0
401,0038034,65536,0,0,24,65336,0,94,0,82,0,0,0
402,0062214,65536,65536,0,0,0,0,0,0,0,0,0,0
403,0068661,65536,0,0,65536,0,0,0,0,0,0,0,0
404,0062215,65536,65536,0,0,0,0,0,0,0,0,0,0
405,0081005,65536,22,65382,132,0,0,0,0,0,0,0,0
406,0038456,65536,0,0,180,65334,18,4,0,0,0,0,0
407,0068662,65536,0,0,65536,0,0,0,0,0,0,0,0
408,0062216,65536,65536,0,0,0,0,0,0,0,0,0,0
409,0000112,65536,0,0,0,0,0,0,0,65536,0,0,0
410,0062217,65536,65536,0,0,0,0,0,0,0,0,0,0
411,0094834,65536,0,0,202,65334,0,0,0,0,0,0,0
412,0068680,65536,0,0,65536,0,0,0,0,0,0,0,0
413,0159095,65536,172,4,90,0,65073,197,0,0,0,0,0
414,0076181,65536,112,65376,48,0,0,0,0,0,0,0,0
415,0113821,65536,0,0,0,0,0,65536,0,0,0,0,0
416,0062232,65536,65536,0,0,0,0,0,0,0,0,0,0
417,0075506,65536,0,0,65536,0,0,0,0,0,0,0,0
418,0081645,65536,28,0,190,65318,0,0,0,0,0,0,0
419,0000113,65536,0,0,0,0,0,0,0,65536,0,0,0
420,0062234,65536,65536,0,0,0,0,0,0,0,0,0,0
421,0075507,65536,0,0,65536,0,0,0,0,0,0,0,0
422,0062236,65536,65536,0,0,0,0,0,0,0,0,0,0
423,0038032,65536,0,16,197,65315,8,0,0,0,0,0,0
424,0162535,65536,4,65372,38,0,0,122,0,0,0,0,0
425,0075525,65536,0,0,65536,0,0,0,0,0,0,0,0
426,0062237,65536,65536,0,0,0,0,0,0,0,0,0,0
427,0038645,65536,0,0,184,65310,4,38,0,0,0,0,0
428,0000114,65536,0,0,0,0,0,0,0,65536,0,0,0
429,0062251,65536,65536,0,0,0,0,0,0,0,0,0,0
430,0075526,65536,0,0,65536,0,0,0,0,0,0,0,0
431,0081079,65536,166,65370,0,0,0,0,0,0,0,0,0
432,0062255,65536,65536,0,0,0,0,0,0,0,0,0,0
433,0038021,65536,0,0,229,65307,0,0,0,0,0,0,0
434,0075544,65536,0,0,65536,0,0,0,0,0,0,0,0
435,0053943,65536,114,0,359,32,65031,0,0,0,0,0,0
436,0062256,65536,65536,0,0,0,0,0,0,0,0,0,0
437,0000115,65536,0,0,0,0,0,0,0,65536,0,0,0
438,0075545,65536,0,0,65536,0,0,0,0,0,0,0,0
439,0106146,65536,227,0,0,65301,8,0,0,0,0,0,0
440,0062257,65536,65536,0,0,0,0,0,0,0,0,0,0
441,0093806,65536,130,65370,32,0,0,4,0,0,0,0,0
442,0075546,65536,0,0,65536,0,0,0,0,0,0,0,0
443,0062258,65536,65536,0,0,0,0,0,0,0,0,0,0
444,0106168,65536,239,0,0,65297,0,0,0,0,0,0,0
445,0062275,65536,65536,0,0,0,0,0,0,0,0,0,0
446,0076604,65536,0,0,65536,0,0,0,0,0,0,0,0
447,0000126,65536,0,0,0,0,0,0,0,65536,0,0,0
448,0093677,65536,0,42,198,65292,0,4,0,0,0,0,0
449,0062298,65536,65536,0,0,0,0,0,0,0,0,0,0
450,0076162,65536,26,65368,112,16,0,14,0,0,0,0,0
451,0078222,65536,0,0,65536,0,0,0,0,0,0,0,0
452,0141727,65536,0,0,0,0,0,0,0,0,65536,0,0
453,0062316,65536,65536,0,0,0,0,0,0,0,0,0,0
454,0038091,65536,0,0,249,65287,0,0,0,0,0,0,0
455,0159172,65536,156,0,18,0,64999,363,0,0,0,0,0
456,0078641,65536,0,0,65536,0,0,0,0,0,0,0,0
457,0000127,65536,0,0,0,0,0,0,0,65536,0,0,0
458,0062317,65536,65536,0,0,0,0,0,0,0,0,0,0
459,0081052,65536,46,65364,126,0,0,0,0,0,0,0,0
460,0106094,65536,56,0,193,65287,0,0,0,0,0,0,0
461,0064813,65536,65536,0,0,0,0,0,0,0,0,0,0
462,0078660,65536,0,0,65536,0,0,0,0,0,0,0,0
463,0064830,65536,65536,0,0,0,0,0,0,0,0,0,0
464,0078661,65536,0,0,65536,0,0,0,0,0,0,0,0
465,0081759,65536,238,0,26,65272,0,0,0,0,0,0,0
466,0000128,65536,0,0,0,0,0,0,0,65536,0,0,0
467,0064907,65536,65536,0,0,0,0,0,0,0,0,0,0
468,0079004,65536,182,65354,0,0,0,0,0,0,0,0,0
469,0078679,65536,0,0,65536,0,0,0,0,0,0,0,0
470,0106125,65536,264,0,0,65272,0,0,0,0,0,0,0
471,0075048,65536,65536,0,0,0,0,0,0,0,0,0,0
472,0078719,65536,0,0,65536,0,0,0,0,0,0,0,0
473,0075049,65536,65536,0,0,0,0,0,0,0,0,0,0
474,0173943,65536,286,0,230,4,64964,52,0,0,0,0,0
475,0094835,65536,4,268,0,65264,0,0,0,0,0,0,0
476,0000129,65536,0,0,0,0,0,0,0,65536,0,0,0
477,0081025,65536,40,65353,143,0,0,0,0,0,0,0,0
478,0075066,65536,65536,0,0,0,0,0,0,0,0,0,0
479,0080218,65536,0,0,65536,0,0,0,0,0,0,0,0
480,0117134,65536,0,0,0,0,0,65536,0,0,0,0,0
481,0105550,65536,0,0,265,65259,6,6,0,0,0,0,0
482,0075067,65536,65536,0,0,0,0,0,0,0,0,0,0
483,0080256,65536,0,0,65536,0,0,0,0,0,0,0,0
484,0075068,65536,65536,0,0,0,0,0,0,0,0,0,0
485,0085290,65536,170,65350,16,0,0,0,0,0,0,0,0
486,0000140,65536,0,0,0,0,0,0,0,65536,0,0,0
487,0090827,65536,0,0,283,65253,0,0,0,0,0,0,0
488,0080940,65536,0,0,65536,0,0,0,0,0,0,0,0
489,0075085,65536,65536,0,0,0,0,0,0,0,0,0,0
490,0084910,65536,0,0,65536,0,0,0,0,0,0,0,0
491,0075086,65536,65536,0,0,0,0,0,0,0,0,0,0
492,0106128,65536,268,0,0,65248,20,0,0,0,0,0,0
493,0081051,65536,112,65344,80,0,0,0,0,0,0,0,0
494,0075087,65536,65536,0,0,0,0,0,0,0,0,0,0
495,0000141,65536,0,0,0,0,0,0,0,65536,0,0,0
496,0084929,65536,0,0,65536,0,0,0,0,0,0,0,0
497,0141286,65536,0,0,431,0,64940,120,0,45,0,0,0
498,0038597,65536,0,0,292,65244,0,0,0,0,0,0,0
499,0075104,65536,65536,0,0,0,0,0,0,0,0,0,0
500,0084983,65536,0,0,65536,0,0,0,0,0,0,0,0
501,0075105,65536,65536,0,0,0,0,0,0,0,0,0,0
502,0107777,65536,0,0,286,65244,0,6,0,0,0,0,0
503,0078983,65536,12,65338,172,0,0,14,0,0,0,0,0
504,0085036,65536,0,0,65536,0,0,0,0,0,0,0,0
505,0000142,65536,0,0,0,0,0,0,0,65536,0,0,0
506,0075106,65536,65536,0,0,0,0,0,0,0,0,0,0
507,0090348,65536,0,16,286,65234,0,0,0,0,0,0,0
508,0075122,65536,65536,0,0,0,0,0,0,0,0,0,0
509,0085058,65536,0,0,65536,0,0,0,0,0,0,0,0
510,0076104,65536,0,65335,201,0,0,0,0,0,0,0,0
511,0075123,65536,65536,0,0,0,0,0,0,0,0,0,0
512,0116829,65536,0,0,4,65232,0,300,0,0,0,0,0
513,0085691,65536,0,0,65536,0,0,0,0,0,0,0,0
514,0000143,65536,0,0,0,0,0,0,0,65536,0,0,0
515,0075124,65536,65536,0,0,0,0,0,0,0,0,0,0
516,0173601,65536,547,0,63,0,64918,8,0,0,0,0,0
517,0111071,65536,0,0,65536,0,0,0,0,0,0,0,0
518,0105477,65536,0,4,293,65231,0,8,0,0,0,0,0
519,0075125,65536,65536,0,0,0,0,0,0,0,0,0,0
520,0078813,65536,210,65326,0,0,0,0,0,0,0,0,0
521,0121090,65536,0,0,65536,0,0,0,0,0,0,0,0
522,0075142,65536,65536,0,0,0,0,0,0,0,0,0,0
523,0105514,65536,0,40,256,65220,0,20,0,0,0,0,0
524,0000146,65536,0,0,0,0,0,0,0,65536,0,0,0
525,0075143,65536,65536,0,0,0,0,0,0,0,0,0,0
526,0121091,65536,0,0,65536,0,0,0,0,0,0,0,0
527,0093636,65536,0,0,307,65213,0,16,0,0,0,0,0
528,0075144,65536,65536,0,0,0,0,0,0,0,0,0,0
529,0078945,65536,191,65325,20,0,0,0,0,0,0,0,0
530,0121094,65536,0,0,65536,0,0,0,0,0,0,0,0
531,0076229,65536,65536,0,0,0,0,0,0,0,0,0,0
532,0000154,65536,0,0,0,0,0,0,0,65536,0,0,0
533,0106105,65536,44,0,226,65202,0,0,0,64,0,0,0
534,0121095,65536,0,0,65536,0,0,0,0,0,0,0,0
535,0159096,65536,519,101,4,0,64894,18,0,0,0,0,0
536,0076230,65536,65536,0,0,0,0,0,0,0,0,0,0
537,0078985,65536,215,65317,4,0,0,0,0,0,0,0,0
538,0038532,65536,4,54,260,65194,24,0,0,0,0,0,0
539,0121098,65536,0,0,65536,0,0,0,0,0,0,0,0
540,0076233,65536,65536,0,0,0,0,0,0,0,0,0,0
541,0107956,65536,0,0,0,0,0,0,0,4,65532,0,0
542,0000155,65536,0,0,0,0,0,0,0,65536,0,0,0
543,0117483,65536,0,0,0,0,0,65536,0,0,0,0,0
544,0076234,65536,65536,0,0,0,0,0,0,0,0,0,0
545,0121099,65536,0,0,65536,0,0,0,0,0,0,0,0
546,0105471,65536,0,45,303,65188,0,0,0,0,0,0,0
547,0076235,65536,65536,0,0,0,0,0,0,0,0,0,0
548,0081185,65536,95,65313,128,0,0,0,0,0,0,0,0
549,0121100,65536,0,0,65536,0,0,0,0,0,0,0,0
550,0113031,65536,0,0,350,65186,0,0,0,0,0,0,0
551,0076236,65536,65536,0,0,0,0,0,0,0,0,0,0
552,0000156,65536,0,0,0,0,0,0,0,65536,0,0,0
553,0121105,65536,0,0,65536,0,0,0,0,0,0,0,0
554,0076238,65536,65536,0,0,0,0,0,0,0,0,0,0
555,0105724,65536,0,0,277,65175,0,84,0,0,0,0,0
556,0078853,65536,232,65300,4,0,0,0,0,0,0,0,0
557,0159140,65536,262,0,317,0,64885,72,0,0,0,0,0
558,0076239,65536,65536,0,0,0,0,0,0,0,0,0,0
559,0121106,65536,0,0,65536,0,0,0,0,0,0,0,0
560,0094829,65536,0,0,362,65174,0,0,0,0,0,0,0
561,0076240,65536,65536,0,0,0,0,0,0,0,0,0,0
562,0121108,65536,0,0,65536,0,0,0,0,0,0,0,0
563,0000157,65536,0,0,0,0,0,0,0,65536,0,0,0
564,0076241,65536,65536,0,0,0,0,0,0,0,0,0,0
565,0079060,65536,136,65296,26,0,0,78,0,0,0,0,0
566,0105495,65536,0,0,336,65168,0,32,0,0,0,0,0
567,0121110,65536,0,0,65536,0,0,0,0,0,0,0,0
568,0076242,65536,65536,0,0,0,0,0,0,0,0,0,0
569,0121111,65536,0,0,65536,0,0,0,0,0,0,0,0
570,0076245,65536,65536,0,0,0,0,0,0,0,0,0,0
571,0089860,65536,4,6,316,65166,44,0,0,0,0,0,0
572,0000160,65536,0,0,0,0,0,0,0,65536,0,0,0
573,0162590,65536,228,65294,14,0,0,0,0,0,0,0,0
574,0076247,65536,65536,0,0,0,0,0,0,0,0,0,0
575,0121114,65536,0,0,65536,0,0,0,0,0,0,0,0
576,0038591,65536,0,0,309,65153,0,74,0,0,0,0,0
577,0173484,65536,676,0,4,0,64848,8,0,0,0,0,0
578,0076248,65536,65536,0,0,0,0,0,0,0,0,0,0
579,0121117,65536,0,0,65536,0,0,0,0,0,0,0,0
580,0000161,65536,0,0,0,0,0,0,0,65536,0,0,0
581,0076249,65536,65536,0,0,0,0,0,0,0,0,0,0
582,0125355,65536,46,4,16,65153,38,279,0,0,0,0,0
583,0081059,65536,252,65284,0,0,0,0,0,0,0,0,0
584,0121118,65536,0,0,65536,0,0,0,0,0,0,0,0
585,0076250,65536,65536,0,0,0,0,0,0,0,0,0,0
586,0106186,65536,215,0,175,65146,0,0,0,0,0,0,0
587,0142345,65536,42,0,0,0,0,0,0,22,0,65472,0
588,0121129,65536,0,0,65536,0,0,0,0,0,0,0,0
589,0076252,65536,65536,0,0,0,0,0,0,0,0,0,0
590,0000168,65536,0,0,0,0,0,0,0,65536,0,0,0
591,0093825,65536,0,65280,248,8,0,0,0,0,0,0,0
592,0076253,65536,65536,0,0,0,0,0,0,0,0,0,0
593,0038366,65536,0,0,378,65138,20,0,0,0,0,0,0
594,0121134,65536,0,0,65536,0,0,0,0,0,0,0,0
595,0076254,65536,65536,0,0,0,0,0,0,0,0,0,0
596,0159287,65536,123,98,252,20,64837,206,0,0,0,0,0
597,0121136,65536,0,0,65536,0,0,0,0,0,0,0,0
598,0038017,65536,0,166,221,65131,0,18,0,0,0,0,0
599,0076256,65536,65536,0,0,0,0,0,0,0,0,0,0
600,0000169,65536,0,0,0,0,0,0,0,65536,0,0,0
601,0078966,65536,266,65270,0,0,0,0,0,0,0,0,0
602,0121137,65536,0,0,65536,0,0,0,0,0,0,0,0
603,0076257,65536,65536,0,0,0,0,0,0,0,0,0,0
604,0095369,65536,0,0,0,65131,0,0,0,0,405,0,0
605,0076259,65536,65536,0,0,0,0,0,0,0,0,0,0
606,0121152,65536,0,0,65536,0,0,0,0,0,0,0,0
607,0117519,65536,0,0,0,0,0,65536,0,0,0,0,0
608,0180499,65536,0,36,153,65129,214,4,0,0,0,0,0
609,0076260,65536,65536,0,0,0,0,0,0,0,0,0,0
610,0162553,65536,0,65268,131,0,2,135,0,0,0,0,0
611,0000170,65536,0,0,0,0,0,0,0,65536,0,0,0
612,0121153,65536,0,0,65536,0,0,0,0,0,0,0,0
613,0076261,65536,65536,0,0,0,0,0,0,0,0,0,0
614,0106000,65536,390,0,26,65120,0,0,0,0,0,0,0
615,0125022,65536,0,0,65536,0,0,0,0,0,0,0,0
616,0076266,65536,65536,0,0,0,0,0,0,0,0,0,0
617,0159082,65536,113,39,513,0,64831,40,0,0,0,0,0
618,0075990,65536,190,65266,80,0,0,0,0,0,0,0,0
619,0105530,65536,0,120,299,65115,0,2,0,0,0,0,0
620,0125040,65536,0,0,65536,0,0,0,0,0,0,0,0
621,0000171,65536,0,0,0,0,0,0,0,65536,0,0,0
622,0076267,65536,65536,0,0,0,0,0,0,0,0,0,0
623,0076269,65536,65536,0,0,0,0,0,0,0,0,0,0
624,0125041,65536,0,0,65536,0,0,0,0,0,0,0,0
625,0038252,65536,0,34,388,65114,0,0,0,0,0,0,0
626,0076270,65536,65536,0,0,0,0,0,0,0,0,0,0
627,0081045,65536,232,65264,40,0,0,0,0,0,0,0,0
628,0125042,65536,0,0,65536,0,0,0,0,0,0,0,0
629,0000174,65536,0,0,0,0,0,0,0,65536,0,0,0
630,0105513,65536,0,74,347,65111,4,0,0,0,0,0,0
631,0076271,65536,65536,0,0,0,0,0,0,0,0,0,0
632,0141689,65536,0,0,4,0,0,0,0,0,65532,0,0
633,0132254,65536,0,0,65536,0,0,0,0,0,0,0,0
634,0076272,65536,65536,0,0,0,0,0,0,0,0,0,0
635,0106145,65536,414,8,0,65106,0,8,0,0,0,0,0
636,0162586,65536,42,65240,77,0,0,177,0,0,0,0,0
637,0076273,65536,65536,0,0,0,0,0,0,0,0,0,0
638,0136533,65536,0,0,65536,0,0,0,0,0,0,0,0
639,0141216,65536,514,0,26,0,64814,182,0,0,0,0,0
640,0000175,65536,0,0,0,0,0,0,0,65536,0,0,0
641,0180973,65536,406,0,0,65106,24,0,0,0,0,0,0
642,0076274,65536,65536,0,0,0,0,0,0,0,0,0,0
643,0136610,65536,0,0,65536,0,0,0,0,0,0,0,0
644,0076275,65536,65536,0,0,0,0,0,0,0,0,0,0
645,0081148,65536,82,65237,217,0,0,0,0,0,0,0,0
646,0094849,65536,0,0,435,65101,0,0,0,0,0,0,0
647,0136627,65536,0,0,65536,0,0,0,0,0,0,0,0
648,0076276,65536,65536,0,0,0,0,0,0,0,0,0,0
649,0000182,65536,0,0,0,0,0,0,0,65536,0,0,0
650,0136628,65536,0,0,65536,0,0,0,0,0,0,0,0
651,0105803,65536,0,8,429,65099,0,0,0,0,0,0,0
652,0076277,65536,65536,0,0,0,0,0,0,0,0,0,0
653,0162564,65536,100,65237,187,0,0,12,0,0,0,0,0
654,0076278,65536,65536,0,0,0,0,0,0,0,0,0,0
655,0136629,65536,0,0,65536,0,0,0,0,0,0,0,0
656,0105549,65536,0,0,413,65093,0,30,0,0,0,0,0
657,0076279,65536,65536,0,0,0,0,0,0,0,0,0,0
658,0000183,65536,0,0,0,0,0,0,0,65536,0,0,0
659,0141204,65536,118,12,36,6,64811,553,0,0,0,0,0
660,0136647,65536,0,0,65536,0,0,0,0,0,0,0,0
661,0076280,65536,65536,0,0,0,0,0,0,0,0,0,0
662,0105759,65536,0,0,445,65091,0,0,0,0,0,0,0
663,0081186,65536,6,65230,300,0,0,0,0,0,0,0,0
664,0136666,65536,0,0,65536,0,0,0,0,0,0,0,0
665,0076281,65536,65536,0,0,0,0,0,0,0,0,0,0
666,0093570,65536,0,218,229,65089,0,0,0,0,0,0,0
667,0000184,65536,0,0,0,0,0,0,0,65536,0,0,0
668,0136667,65536,0,0,65536,0,0,0,0,0,0,0,0
669,0076285,65536,65536,0,0,0,0,0,0,0,0,0,0
670,0078756,65536,317,65219,0,0,0,0,0,0,0,0,0
671,0076286,65536,65536,0,0,0,0,0,0,0,0,0,0
672,0117562,65536,0,0,0,0,0,65536,0,0,0,0,0
673,0089749,65536,94,143,214,65085,0,0,0,0,0,0,0
674,0156238,65536,0,0,65536,0,0,0,0,0,0,0,0
675,0076288,65536,65536,0,0,0,0,0,0,0,0,0,0
676,0156239,65536,0,0,65536,0,0,0,0,0,0,0,0
677,0000185,65536,0,0,0,0,0,0,0,65536,0,0,0
678,0106108,65536,355,0,0,65083,6,6,0,86,0,0,0
679,0150149,65536,397,0,157,54,64800,128,0,0,0,0,0
680,0076289,65536,65536,0,0,0,0,0,0,0,0,0,0
681,0078833,65536,60,65208,58,0,0,210,0,0,0,0,0
682,0160769,65536,0,0,65536,0,0,0,0,0,0,0,0
683,0076290,65536,65536,0,0,0,0,0,0,0,0,0,0
684,0180500,65536,306,0,102,65082,38,0,0,0,8,0,0
685,0076291,65536,65536,0,0,0,0,0,0,0,0,0,0
686,0160770,65536,0,0,65536,0,0,0,0,0,0,0,0
687,0000188,65536,0,0,0,0,0,0,0,65536,0,0,0
688,0079281,65536,152,209,86,65081,8,0,0,0,0,0,0
689,0075968,65536,92,65206,238,0,0,0,0,0,0,0,0
690,0076292,65536,65536,0,0,0,0,0,0,0,0,0,0
691,0160789,65536,0,0,65536,0,0,0,0,0,0,0,0
692,0076293,65536,65536,0,0,0,0,0,0,0,0,0,0
693,0089730,65536,8,401,46,65081,0,0,0,0,0,0,0
694,0160790,65536,0,0,65536,0,0,0,0,0,0,0,0
695,0076296,65536,65536,0,0,0,0,0,0,0,0,0,0
696,0000189,65536,0,0,0,0,0,0,0,65536,0,0,0
697,0081123,65536,332,65204,0,0,0,0,0,0,0,0,0
698,0173620,65536,590,0,56,4,64797,89,0,0,0,0,0
699,0038071,65536,4,270,142,65080,40,0,0,0,0,0,0
700,0165878,65536,0,0,65536,0,0,0,0,0,0,0,0
701,0076297,65536,65536,0,0,0,0,0,0,0,0,0,0
702,0076298,65536,65536,0,0,0,0,0,0,0,0,0,0
703,0165879,65536,0,0,65536,0,0,0,0,0,0,0,0
704,0105684,65536,0,34,420,65078,0,4,0,0,0,0,0
705,0000196,65536,0,0,0,0,0,0,0,65536,0,0,0
706,0076299,65536,65536,0,0,0,0,0,0,0,0,0,0
707,0162066,65536,97,65204,0,0,18,217,0,0,0,0,0
708,0165897,65536,0,0,65536,0,0,0,0,0,0,0,0
709,0038589,65536,0,0,209,65068,0,259,0,0,0,0,0
710,0076300,65536,65536,0,0,0,0,0,0,0,0,0,0
711,0166274,65536,0,0,65536,0,0,0,0,0,0,0,0
712,0076301,65536,65536,0,0,0,0,0,0,0,0,0,0
713,0090384,65536,0,72,398,65066,0,0,0,0,0,0,0
714,0000197,65536,0,0,0,0,0,0,0,65536,0,0,0
715,0076169,65536,0,65191,251,4,0,90,0,0,0,0,0
716,0168745,65536,0,0,65536,0,0,0,0,0,0,0,0
717,0076304,65536,65536,0,0,0,0,0,0,0,0,0,0
718,0159159,65536,502,20,93,0,64775,146,0,0,0,0,0
719,0141705,65536,0,0,12,0,0,0,0,4,65520,0,0
720,0038110,65536,0,0,419,65065,52,0,0,0,0,0,0
721,0076305,65536,65536,0,0,0,0,0,0,0,0,0,0
722,0168748,65536,0,0,65536,0,0,0,0,0,0,0,0
723,0076306,65536,65536,0,0,0,0,0,0,0,0,0,0
724,0078871,65536,199,65187,150,0,0,0,0,0,0,0,0
725,0000198,65536,0,0,0,0,0,0,0,65536,0,0,0
726,0093608,65536,0,169,309,65058,0,0,0,0,0,0,0
727,0168766,65536,0,0,65536,0,0,0,0,0,0,0,0
728,0076307,65536,65536,0,0,0,0,0,0,0,0,0,0
729,0168830,65536,0,0,65536,0,0,0,0,0,0,0,0
730,0163918,65536,67,0,420,65049,0,0,0,0,0,0,0
731,0076308,65536,65536,0,0,0,0,0,0,0,0,0,0
732,0081167,65536,116,65187,233,0,0,0,0,0,0,0,0
733,0076309,65536,65536,0,0,0,0,0,0,0,0,0,0
734,0168924,65536,0,0,65536,0,0,0,0,0,0,0,0
735,0000202,65536,0,0,0,0,0,0,0,65536,0,0,0
736,0125097,65536,4,4,182,65046,80,0,0,220,0,0,0
737,0117669,65536,0,0,0,0,0,65536,0,0,0,0,0
738,0076310,65536,65536,0,0,0,0,0,0,0,0,0,0
739,0168943,65536,0,0,65536,0,0,0,0,0,0,0,0
740,0159100,65536,389,24,285,0,64774,64,0,0,0,0,0
741,0038015,65536,19,412,52,65041,12,0,0,0,0,0,0
742,0076312,65536,65536,0,0,0,0,0,0,0,0,0,0
743,0080214,65536,102,65184,250,0,0,0,0,0,0,0,0
744,0171666,65536,0,0,65536,0,0,0,0,0,0,0,0
745,0000203,65536,0,0,0,0,0,0,0,65536,0,0,0
746,0076313,65536,65536,0,0,0,0,0,0,0,0,0,0
747,0038662,65536,0,0,486,65041,9,0,0,0,0,0,0
748,0177463,65536,0,0,65536,0,0,0,0,0,0,0,0
749,0076314,65536,65536,0,0,0,0,0,0,0,0,0,0
750,0078757,65536,336,65176,24,0,0,0,0,0,0,0,0
751,0038236,65536,0,0,0,65040,366,130,0,0,0,0,0
752,0076316,65536,65536,0,0,0,0,0,0,0,0,0,0
753,0177789,65536,0,0,65536,0,0,0,0,0,0,0,0
754,0000210,65536,0,0,0,0,0,0,0,65536,0,0,0
755,0076317,65536,65536,0,0,0,0,0,0,0,0,0,0
756,0177992,65536,0,0,65536,0,0,0,0,0,0,0,0
757,0094853,65536,16,58,395,65039,28,0,0,0,0,0,0
758,0076318,65536,65536,0,0,0,0,0,0,0,0,0,0
759,0053945,65536,88,0,412,269,64733,34,0,0,0,0,0
760,0081129,65536,342,65174,20,0,0,0,0,0,0,0,0
761,0178563,65536,0,0,65536,0,0,0,0,0,0,0,0
762,0076323,65536,65536,0,0,0,0,0,0,0,0,0,0
763,0038584,65536,0,0,494,65038,0,4,0,0,0,0,0
764,0000211,65536,0,0,0,0,0,0,0,65536,0,0,0
765,0076324,65536,65536,0,0,0,0,0,0,0,0,0,0
766,0178835,65536,0,0,65536,0,0,0,0,0,0,0,0
767,0079188,65536,183,36,275,65034,8,0,0,0,0,0,0
768,0162569,65536,347,65173,16,0,0,0,0,0,0,0,0
769,0076326,65536,65536,0,0,0,0,0,0,0,0,0,0
770,0178842,65536,0,0,65536,0,0,0,0,0,0,0,0
771,0076327,65536,65536,0,0,0,0,0,0,0,0,0,0
772,0038653,65536,0,0,437,65030,36,33,0,0,0,0,0
773,0000212,65536,0,0,0,0,0,0,0,65536,0,0,0
774,0178843,65536,0,0,65536,0,0,0,0,0,0,0,0
775,0076328,65536,65536,0,0,0,0,0,0,0,0,0,0
776,0081081,65536,368,65168,0,0,0,0,0,0,0,0,0
777,0038051,65536,0,0,470,65028,38,0,0,0,0,0,0
778,0178844,65536,0,0,65536,0,0,0,0,0,0,0,0
779,0076330,65536,65536,0,0,0,0,0,0,0,0,0,0
780,0159158,65536,776,0,30,0,64730,0,0,0,0,0,0
781,0140412,65536,0,0,0,0,12,0,0,37,30,65457,0
782,0000216,65536,0,0,0,0,0,0,0,65536,0,0,0
783,0076331,65536,65536,0,0,0,0,0,0,0,0,0,0
784,0180995,65536,0,0,65536,0,0,0,0,0,0,0,0
785,0038279,65536,0,0,508,65028,0,0,0,0,0,0,0
786,0076332,65536,65536,0,0,0,0,0,0,0,0,0,0
787,0079080,65536,140,65165,115,0,0,116,0,0,0,0,0
788,0180996,65536,0,0,65536,0,0,0,0,0,0,0,0
789,0106189,65536,509,0,0,65027,0,0,0,0,0,0,0
790,0076333,65536,65536,0,0,0,0,0,0,0,0,0,0
791,0181014,65536,0,0,65536,0,0,0,0,0,0,0,0
792,0000217,65536,0,0,0,0,0,0,0,65536,0,0,0
793,0076335,65536,65536,0,0,0,0,0,0,0,0,0,0
794,0043802,65536,0,0,527,65009,0,0,0,0,0,0,0
795,0076093,65536,99,65159,102,176,0,0,0,0,0,0,0
796,0181015,65536,0,0,65536,0,0,0,0,0,0,0,0
797,0076336,65536,65536,0,0,0,0,0,0,0,0,0,0
798,0043948,65536,0,0,53,65006,469,8,0,0,0,0,0
799,0159121,65536,502,0,340,0,64694,0,0,0,0,0,0
800,0076342,65536,65536,0,0,0,0,0,0,0,0,0,0
801,0117688,65536,0,0,0,0,0,65536,0,0,0,0,0
802,0181016,65536,0,0,65536,0,0,0,0,0,0,0,0
803,0000218,65536,0,0,0,0,0,0,0,65536,0,0,0
804,0076343,65536,65536,0,0,0,0,0,0,0,0,0,0
805,0076092,65536,0,65155,365,16,0,0,0,0,0,0,0
806,0091004,65536,0,366,154,65006,10,0,0,0,0,0,0
807,0181034,65536,0,0,65536,0,0,0,0,0,0,0,0
808,0076344,65536,65536,0,0,0,0,0,0,0,0,0,0
809,0141706,65536,20,0,0,0,0,0,0,0,65516,0,0
810,0181054,65536,0,0,65536,0,0,0,0,0,0,0,0
811,0038568,65536,0,108,337,65005,80,6,0,0,0,0,0
812,0076345,65536,65536,0,0,0,0,0,0,0,0,0,0
813,0000224,65536,0,0,0,0,0,0,0,65536,0,0,0
814,0080521,65536,88,65134,314,0,0,0,0,0,0,0,0
815,0076346,65536,65536,0,0,0,0,0,0,0,0,0,0
816,0045532,65536,0,2,65534,0,0,0,0,0,0,0,0
817,0093589,65536,12,138,377,65001,0,8,0,0,0,0,0
818,0076347,65536,65536,0,0,0,0,0,0,0,0,0,0
819,0045533,65536,0,2,65534,0,0,0,0,0,0,0,0
820,0159153,65536,283,36,322,0,64675,220,0,0,0,0,0
821,0077273,65536,90,84,366,64996,0,0,0,0,0,0,0
822,0000225,65536,0,0,0,0,0,0,0,65536,0,0,0
823,0076349,65536,65536,0,0,0,0,0,0,0,0,0,0
824,0081241,65536,0,65130,406,0,0,0,0,0,0,0,0
825,0160711,65536,2,0,65534,0,0,0,0,0,0,0,0
826,0076350,65536,65536,0,0,0,0,0,0,0,0,0,0
827,0106187,65536,364,0,179,64993,0,0,0,0,0,0,0
828,0045228,65536,4,0,65532,0,0,0,0,0,0,0,0
829,0076351,65536,65536,0,0,0,0,0,0,0,0,0,0
830,0000229,65536,0,0,0,0,0,0,0,65536,0,0,0
831,0081184,65536,142,65126,268,0,0,0,0,0,0,0,0
832,0125264,65536,6,8,148,64986,8,380,0,0,0,0,0
833,0076352,65536,65536,0,0,0,0,0,0,0,0,0,0
834,0045478,65536,4,0,65532,0,0,0,0,0,0,0,0
835,0076356,65536,65536,0,0,0,0,0,0,0,0,0,0
836,0045494,65536,0,4,65532,0,0,0,0,0,0,0,0
837,0093657,65536,0,200,332,64984,16,4,0,0,0,0,0
838,0076362,65536,65536,0,0,0,0,0,0,0,0,0,0
839,0081183,65536,345,65123,68,0,0,0,0,0,0,0,0
840,0000230,65536,0,0,0,0,0,0,0,65536,0,0,0
841,0159157,65536,837,0,10,0,64672,17,0,0,0,0,0
842,0046380,65536,0,0,65532,0,4,0,0,0,0,0,0
843,0095388,65536,0,0,458,64984,20,0,0,0,74,0,0
844,0076363,65536,65536,0,0,0,0,0,0,0,0,0,0
845,0047328,65536,0,4,65532,0,0,0,0,0,0,0,0
846,0076365,65536,65536,0,0,0,0,0,0,0,0,0,0
847,0081700,65536,524,0,16,64982,14,0,0,0,0,0,0
848,0075951,65536,324,65122,78,0,0,12,0,0,0,0,0
849,0076366,65536,65536,0,0,0,0,0,0,0,0,0,0
850,0078698,65536,0,0,65532,4,0,0,0,0,0,0,0
851,0000231,65536,0,0,0,0,0,0,0,65536,0,0,0
852,0112357,65536,299,104,134,64979,20,0,0,0,0,0,0
853,0076367,65536,65536,0,0,0,0,0,0,0,0,0,0
854,0078717,65536,0,4,65532,0,0,0,0,0,0,0,0
855,0076369,65536,65536,0,0,0,0,0,0,0,0,0,0
856,0078888,65536,419,65117,0,0,0,0,0,0,0,0,0
857,0093753,65536,60,46,4,64976,450,0,0,0,0,0,0
858,0111070,65536,0,0,65532,4,0,0,0,0,0,0,0
859,0000232,65536,0,0,0,0,0,0,0,65536,0,0,0
860,0076371,65536,65536,0,0,0,0,0,0,0,0,0,0
861,0159116,65536,98,0,386,22,64666,364,0,0,0,0,0
862,0076373,65536,65536,0,0,0,0,0,0,0,0,0,0
863,0121125,65536,0,0,65532,4,0,0,0,0,0,0,0
864,0038644,65536,0,0,423,64973,52,88,0,0,0,0,0
865,0117690,65536,0,0,0,0,0,65536,0,0,0,0,0
866,0078874,65536,382,65110,44,0,0,0,0,0,0,0,0
867,0076380,65536,65536,0,0,0,0,0,0,0,0,0,0
868,0164239,65536,4,0,65532,0,0,0,0,0,0,0,0
869,0090862,65536,0,117,448,64971,0,0,0,0,0,0,0
870,0000233,65536,0,0,0,0,0,0,0,65536,0,0,0
871,0076381,65536,65536,0,0,0,0,0,0,0,0,0,0
872,0166198,65536,0,0,65532,0,0,4,0,0,0,0,0
873,0076383,65536,65536,0,0,0,0,0,0,0,0,0,0
874,0038583,65536,0,0,443,64966,0,127,0,0,0,0,0
875,0162057,65536,432,65104,0,0,0,0,0,0,0,0,0
876,0168749,65536,4,0,65532,0,0,0,0,0,0,0,0
877,0076384,65536,65536,0,0,0,0,0,0,0,0,0,0
878,0000238,65536,0,0,0,0,0,0,0,65536,0,0,0
879,0125313,65536,0,28,101,64966,210,231,0,0,0,0,0
880,0076385,65536,65536,0,0,0,0,0,0,0,0,0,0
881,0168849,65536,0,0,65532,0,0,4,0,0,0,0,0
882,0159115,65536,402,78,221,133,64663,39,0,0,0,0,0
883,0076386,65536,65536,0,0,0,0,0,0,0,0,0,0
884,0093881,65536,53,65103,326,26,0,28,0,0,0,0,0
885,0105703,65536,0,0,556,64964,0,16,0,0,0,0,0
886,0168907,65536,4,0,65532,0,0,0,0,0,0,0,0
887,0076399,65536,65536,0,0,0,0,0,0,0,0,0,0
888,0000239,65536,0,0,0,0,0,0,0,65536,0,0,0
889,0093643,65536,0,255,323,64958,0,0,0,0,0,0,0
890,0177404,65536,0,4,65532,0,0,0,0,0,0,0,0
891,0076400,65536,65536,0,0,0,0,0,0,0,0,0,0
892,0162056,65536,462,65074,0,0,0,0,0,0,0,0,0
893,0045531,65536,0,6,65530,0,0,0,0,0,0,0,0
894,0076401,65536,65536,0,0,0,0,0,0,0,0,0,0
895,0038438,65536,0,0,575,64957,4,0,0,0,0,0,0
896,0076402,65536,65536,0,0,0,0,0,0,0,0,0,0
897,0141728,65536,20,0,0,0,0,0,0,0,65516,0,0
898,0000243,65536,0,0,0,0,0,0,0,65536,0,0,0
899,0046166,65536,0,6,65530,0,0,0,0,0,0,0,0
900,0088249,65536,148,0,268,64956,164,0,0,0,0,0,0
901,0076403,65536,65536,0,0,0,0,0,0,0,0,0,0
902,0159097,65536,436,8,395,0,64651,46,0,0,0,0,0
903,0081099,65536,70,65071,395,0,0,0,0,0,0,0,0
904,0046269,65536,0,6,65530,0,0,0,0,0,0,0,0
905,0076404,65536,65536,0,0,0,0,0,0,0,0,0,0
906,0090425,65536,60,269,269,64938,0,0,0,0,0,0,0
907,0000244,65536,0,0,0,0,0,0,0,65536,0,0,0
908,0046568,65536,0,6,65530,0,0,0,0,0,0,0,0
909,0076418,65536,65536,0,0,0,0,0,0,0,0,0,0
910,0162534,65536,16,65066,161,0,0,293,0,0,0,0,0
911,0094830,65536,0,4,579,64935,0,18,0,0,0,0,0
912,0076422,65536,65536,0,0,0,0,0,0,0,0,0,0
913,0047271,65536,0,0,65530,6,0,0,0,0,0,0,0
914,0076423,65536,65536,0,0,0,0,0,0,0,0,0,0
915,0077274,65536,472,65,70,64929,0,0,0,0,0,0,0
916,0075527,65536,0,0,65530,6,0,0,0,0,0,0,0
917,0000245,65536,0,0,0,0,0,0,0,65536,0,0,0
918,0076441,65536,65536,0,0,0,0,0,0,0,0,0,0
919,0081205,65536,4,65065,467,0,0,0,0,0,0,0,0
920,0078122,65536,0,0,65530,6,0,0,0,0,0,0,0
921,0081682,65536,0,16,585,64929,6,0,0,0,0,0,0
922,0141127,65536,542,0,0,0,64648,346,0,0,0,0,0
923,0076442,65536,65536,0,0,0,0,0,0,0,0,0,0
924,0078139,65536,0,0,65530,0,0,6,0,0,0,0,0
925,0076459,65536,65536,0,0,0,0,0,0,0,0,0,0
926,0000246,65536,0,0,0,0,0,0,0,65536,0,0,0
927,0124754,65536,0,52,230,64925,48,281,0,0,0,0,0
928,0081028,65536,297,65063,176,0,0,0,0,0,0,0,0
929,0076476,65536,65536,0,0,0,0,0,0,0,0,0,0
930,0168870,65536,6,0,65530,0,0,0,0,0,0,0,0
931,0117691,65536,0,0,0,0,0,65536,0,0,0,0,0
932,0109105,65536,0,522,97,64917,0,0,0,0,0,0,0
933,0076478,65536,65536,0,0,0,0,0,0,0,0,0,0
934,0168961,65536,0,0,65530,0,0,0,0,0,6,0,0
935,0076495,65536,65536,0,0,0,0,0,0,0,0,0,0
936,0000247,65536,0,0,0,0,0,0,0,65536,0,0,0
937,0162058,65536,382,65063,12,0,29,50,0,0,0,0,0
938,0090365,65536,0,169,452,64915,0,0,0,0,0,0,0
939,0046334,65536,0,8,65528,0,0,0,0,0,0,0,0
940,0076519,65536,65536,0,0,0,0,0,0,0,0,0,0
941,0157083,65536,841,0,10,0,64647,38,0,0,0,0,0
942,0038254,65536,0,0,624,64912,0,0,0,0,0,0,0
943,0076523,65536,65536,0,0,0,0,0,0,0,0,0,0
944,0046453,65536,0,4,65528,4,0,0,0,0,0,0,0
945,0000252,65536,0,0,0,0,0,0,0,65536,0,0,0
946,0081154,65536,474,65054,8,0,0,0,0,0,0,0,0
947,0076539,65536,65536,0,0,0,0,0,0,0,0,0,0
948,0046494,65536,0,0,65528,8,0,0,0,0,0,0,0
949,0105808,65536,0,18,614,64904,0,0,0,0,0,0,0
950,0076593,65536,65536,0,0,0,0,0,0,0,0,0,0
951,0085038,65536,0,8,65528,0,0,0,0,0,0,0,0
952,0105511,65536,0,6,593,64899,0,38,0,0,0,0,0
953,0076629,65536,65536,0,0,0,0,0,0,0,0,0,0
954,0078929,65536,488,65048,0,0,0,0,0,0,0,0,0
955,0000257,65536,0,0,0,0,0,0,0,65536,0,0,0
956,0168814,65536,8,0,65528,0,0,0,0,0,0,0,0
957,0076630,65536,65536,0,0,0,0,0,0,0,0,0,0
958,0105512,65536,0,112,434,64891,99,0,0,0,0,0,0
959,0076649,65536,65536,0,0,0,0,0,0,0,0,0,0
960,0177423,65536,4,4,65528,0,0,0,0,0,0,0,0
961,0173960,65536,546,0,55,0,64643,292,0,0,0,0,0
962,0085289,65536,282,65047,207,0,0,0,0,0,0,0,0
963,0090865,65536,60,88,502,64886,0,0,0,0,0,0,0
964,0076669,65536,65536,0,0,0,0,0,0,0,0,0,0
965,0000258,65536,0,0,0,0,0,0,0,65536,0,0,0
966,0178778,65536,8,0,65528,0,0,0,0,0,0,0,0
967,0076686,65536,65536,0,0,0,0,0,0,0,0,0,0
968,0105470,65536,0,303,344,64885,0,4,0,0,0,0,0
969,0181053,65536,0,0,65528,0,0,8,0,0,0,0,0
970,0076687,65536,65536,0,0,0,0,0,0,0,0,0,0
971,0079023,65536,514,65022,0,0,0,0,0,0,0,0,0
972,0046554,65536,0,10,65526,0,0,0,0,0,0,0,0
973,0076688,65536,65536,0,0,0,0,0,0,0,0,0,0
974,0105627,65536,0,0,606,64870,4,56,0,0,0,0,0
975,0173121,65536,82,0,0,0,0,0,0,0,0,65454,0
976,0000259,65536,0,0,0,0,0,0,0,65536,0,0,0
977,0076707,65536,65536,0,0,0,0,0,0,0,0,0,0
978,0068658,65536,0,10,65526,0,0,0,0,0,0,0,0
979,0125196,65536,170,83,194,64863,74,152,0,0,0,0,0
980,0076708,65536,65536,0,0,0,0,0,0,0,0,0,0
981,0078907,65536,373,65005,36,0,0,122,0,0,0,0,0
982,0159191,65536,222,0,60,0,64629,625,0,0,0,0,0
983,0078718,65536,0,4,65526,6,0,0,0,0,0,0,0
984,0000260,65536,0,0,0,0,0,0,0,65536,0,0,0
985,0076716,65536,65536,0,0,0,0,0,0,0,0,0,0
986,0127722,65536,4,289,351,64858,0,34,0,0,0,0,0
987,0040803,65536,30,0,0,0,0,0,0,0,65506,0,0
988,0178125,65536,10,0,65526,0,0,0,0,0,0,0,0
989,0076766,65536,65536,0,0,0,0,0,0,0,0,0,0
990,0038437,65536,0,0,657,64855,24,0,0,0,0,0,0
991,0079082,65536,44,64995,497,0,0,0,0,0,0,0,0
992,0076951,65536,65536,0,0,0,0,0,0,0,0,0,0
993,0045193,65536,0,0,65524,0,0,0,0,0,12,0,0
994,0000261,65536,0,0,0,0,0,0,0,65536,0,0,0
995,0076954,65536,65536,0,0,0,0,0,0,0,0,0,0
996,0117692,65536,0,0,0,0,0,65536,0,0,0,0,0
997,0090646,65536,0,4,678,64854,0,0,0,0,0,0,0
998,0045307,65536,0,12,65524,0,0,0,0,0,0,0,0
999,0077551,65536,65536,0,0,0,0,0,0,0,0,0,0
1000,0081057,65536,544,64992,0,0,0,0,0,0,0,0,0
